{
  "employees": [
    {
      "id": 1,
      "name": "Tony Stark",
      "email": "tony@mcu.com",
      "phone": "001-123-4567"
    },
    {
      "id": 2,
      "name": "Black Widow",
      "email": "black-widow@mcu.com",
      "phone": "001-123-4568"
    },
    {
      "name": "Natalia",
      "email": "Nezalzov",
      "phone": "01",
      "id": 3
    },
    {
      "name": "vladimir",
      "email": "nhgfdh",
      "phone": 0,
      "id": 4
    },
    {
      "name": "IYUI",
      "email": "YIY",
      "phone": "0YUI",
      "id": 5
    }
  ]
}